customer_id,first_name,last_name,email,city,country,signup_date,birth_date,phone,email_hash
CUST0001,ANONYMIZED,ANONYMIZED,,Grégoire,France,2024-09-17,1966-07-06,,6505c763b4ffc2342b6a39e095bc9ed04c4e96609eaf88a5517f44cb346378c8
CUST0002,Juliette,Pelletier,pagesemilie@example.org,Chevalier,France,2025-09-27,1983-02-25,0463642393,06c30b9755a112b8f77b6d7dcf97068f0f9f3c9c1c563acc09da2138a267dc4d
CUST0003,Aimée,Mary,delannoyamelie@example.net,Bertin,France,2024-04-21,1970-04-13,+33 2 14 03 93 83,04d17fafc561c7e7595842d9207d37061af5818c9af2bc701cae7e6cb9256b9d
CUST0004,Bernadette,Meunier,emilie10@example.com,Hardyboeuf,France,2024-12-26,2000-01-30,+33 4 79 93 56 47,4f36c1fa86dc1bf660cbd6c9462397ed0ee0b362b72428a504901f34df9083f3
CUST0005,Geneviève,Nguyen,josettepinto@example.net,Perrier-sur-Leroy,France,2024-03-15,1992-05-21,+33 (0)4 89 48 63 30,8c7854d9a93978d8c39d6668bd56dffa14b8f55967bfa00b8c207f39a2368e72
CUST0006,Dorothée,Guyot,invalid-email,Pichon,France,2024-03-17,1971-04-28,+33 2 90 17 63 07,79c04d3e5d03dade3e449362ffeaf1fe2e57041153cef639e60c70fd8f1276d0
CUST0007,Noémi,Masse,valentinchristophe@example.net,BrunelBourg,France,2023-09-07,1991-04-20,+33 1 77 90 14 15,8e12f1fa5290142eeb8ccd0342be382e1ee358c7d941a2a3d6415fbafb831eef
CUST0008,Émilie,Normand,bernarddidier@example.com,Masson,France,2026-02-27,1975-09-30,0339290917,28cff725e0e51e1e0341b56ad4d03dbe07b4dcb344741acbc48bb076880f34bd
CUST0009,Bernadette,Moreau,audreyvidal@example.net,Saint Alphonse-les-Bains,France,2024-04-23,2002-03-22,03 44 00 66 60,f8892fb67c28bed42031e3836862bd8c73401c74b31ac40b1df5883fda9e330c
CUST0010,Matthieu,Michel,honore23@example.com,Rolland,France,2025-12-27,1971-11-11,+33 2 62 21 63 84,25781b323b5159610cfae2164239c82571636a9521a33d78556e34f7fa9e6841
CUST0011,Manon,Legrand,mathildegarcia@example.com,Chauvin-la-Forêt,France,2026-02-14,2005-03-26,+33 2 78 61 08 18,a7714b4209e814204a71beac20cc3fe8edec782d59cac580b390a20adca0a6a7
CUST0012,Patricia,Lucas,hlagarde@example.com,Sainte Brigitte,France,2023-08-23,1973-02-18,0329491926,7bfd767b41eff18cfe96e3fdecb4bc86da6f2a03303b03558860185e0d2fe67b
CUST0013,Matthieu,Guillou,,Benoit,France,2024-05-17,1994-02-15,+33 (0)2 55 87 11 10,
CUST0014,Julien,Seguin,susanolivier@example.net,Guérin-sur-Maréchal,France,2024-03-05,1981-05-02,0457402239,f1047b9f52c4cd71c318c0e950458259c270e1d70a4dc09c2370e44d1e29b415
CUST0015,Suzanne,Costa,laetitiaroy@example.com,Saint Zoé,France,2025-04-26,1984-01-11,0177901017,dc84d2f1febe231743df3bb5c3621ce77e9e8c83332b9fcd34e1d92fa50c59e3
CUST0016,François,Pierre,eguillet@example.org,Dias-sur-Mer,France,2023-10-04,1992-08-16,+33 (0)5 94 13 54 61,ca18bccb62ef4ba50bb1d2028365268a8e9153f0c866cddc99ac1270748e4e03
CUST0017,Chantal,Dias,peltieralfred@example.com,Guibert,France,2023-12-25,1976-09-24,+33 (0)4 32 24 98 99,a18c58e83ebb95ea8e936f3a14ca497a42b2021447b854b3be1b6e68e9bd2869
CUST0018,Marguerite,Lefebvre,iweiss@example.net,Bernier-sur-Mer,France,2024-08-15,1985-08-14,0489720387,9ec26ca1f2946df9e1b44e8536bc9f8aa2f8301d70c65eff78f8284bb4b1f692
CUST0019,Margot,Andre,susanne35@example.com,Langlois,France,2025-10-16,1974-06-15,06 64 93 43 81,5807630280aa750692229572d80fbc603f88eb6fdc1948e523eac9a6532c9436
CUST0020,Marguerite,Chevallier,zacharie65@example.org,Bessonnec,France,2024-05-02,1983-09-21,0484370022,8a4d010e974b370a21f2f714fba011cfe8e30e68650f403c5c43f400fa85388b
CUST0021,Noémi,Colas,michaudelisabeth@example.net,Hardy,France,2024-09-29,1969-11-20,0489945356,def6b025dca4645b76810bf25ea23dbb77b591ea090d4b7b3fca3b5d9401ff02
CUST0022,Adèle,Aubert,morenoguillaume@example.com,Blanc,France,2024-09-23,1980-06-25,04 72 01 87 84,089c50ce5964a1ee096501d2376a2c36a984c1a78c10f94df4e04b22f56c0452
CUST0023,Hortense,Millet,adrienne45@example.com,Saint Margaud,France,2026-02-16,1972-04-09,+33 5 62 44 96 19,86fbc514a4e1cc1d4980a9065b5a6862f66d43e750cb6b79eb7714b0eb4bb2e9
CUST0024,Marthe,Bruneau,honoregay@example.net,Chartier,France,2026-01-15,1998-12-08,0180004999,8bba69ecdf91a3c0cc2d9d3900f4a37e6ac2c05edec158f5c2d4e4f958333e48
CUST0025,Camille,Roy,adele29@example.net,Mace,France,2025-04-09,2003-12-11,+33 (0)3 44 35 55 00,780a4c709c85adca14b7658bb5432d268fa553f31a1d97135900e3c7df5c2898
CUST0027,Claire,Benoit,npelletier@example.net,Delattre,France,2023-11-13,1987-10-02,01 53 92 62 09,64090fe9c5b9b5fb473eb81e6ce63135e340b270bfe3fdc336c44d92c83cc2b3
CUST0028,Adrien,Denis,nraynaud@example.org,Briand,France,2024-07-07,1978-04-07,+33 4 78 91 67 05,2ffbd5ebd8ba363fbd09bff51bab92e2a0dc2c3d4a99b9fc268392fb624db2dc
CUST0029,Julie,Lesage,fontainemartine@example.com,Guibert,France,2025-02-23,2001-11-21,05 31 52 22 20,0597bf2930cb7357f836f726d1fe229e2054f47dfe3f6d86fcfefa3da00101e4
CUST0030,Marc,Courtois,perezmarc@example.org,Millet,France,2024-12-27,1969-08-28,0238475117,df9cad82267ca0ccea917e3e9918c994241481544301fc8fdc2e5b68a3f154ff
CUST0031,Théodore,Lemaître,bourgeoischristiane@example.com,Gérard,France,2024-06-20,1976-08-24,0581783304,c711a248509fdbfdceff4b5e957c0ddc1776e3cd4e550a9772c50874d9ddfe2a
CUST0032,Gabrielle,Le Goff,honoresimon@example.org,Lacombe-la-Forêt,France,2024-06-28,1996-12-27,+33 1 46 84 87 72,5df1121cdcbf9addbb0bc0e9f31d2936792034bf7ccb4e91bfbb94222e0e94b0
CUST0033,Louise,Dos Santos,alain62@example.com,Collin,France,2025-07-14,2003-05-19,+33 5 59 61 65 29,8f2f9efd39a467ba0013d4b9adab118fd01f0b13011023254a2e402aa2de10fb
CUST0034,Claudine,Fernandes,guillotcatherine@example.net,Marty-les-Bains,France,2025-03-21,1995-10-19,05 16 02 44 87,8d8f13972ff124888b7253f56f0ff4ed1947858c90b47c9bee05fca0a47ed8d4
CUST0035,Isaac,Lemoine,pierredavid@example.net,Saint CapucineBourg,France,2026-02-11,1968-02-04,+33 (0)3 55 74 88 65,3ae878086f3a66d9fd14fa79acf6b6aef16ec35e97fd163c7becb995c1e730e0
CUST0036,Mathilde,Pages,nfrancois@example.com,Gosselin,France,2023-07-15,1992-03-27,+33 7 88 38 59 72,ee32d5916fccaef86b479d176106dbf57e39ef5ca89328f239e7b4ea4a3b6b7a
CUST0037,Paul,Vaillant,langloisandre@example.org,Gérard,France,2024-04-20,1973-02-14,02 22 21 44 31,431a0d0272528e603287beae45825b13a4a6c73c2b74ae2ae94a5670c16984c2
CUST0038,Catherine,Auger,bernardroy@example.com,Joseph,France,2025-04-13,1983-03-17,+33 2 79 20 34 22,1e6c0eb158291810b6a31b857440ec88ddadb573d94987f44257d5002e1696e9
CUST0039,Julie,Marchal,blanchardmargaud@example.org,De Sousa,France,2023-06-12,1983-07-04,03 52 73 58 69,3b3c6a6b3484d44b25846615dad98ea66e6aa57ff785f0b9b6b11fe7ae6c940f
CUST0040,Laetitia,Couturier,lebonolivier@example.com,Guillaume-les-Bains,France,2024-07-09,1973-09-25,0437625509,5eec31e1b5f36677d3a85951aed4381be1b9c0e4638766ba868efc057f17a029
CUST0041,Unknown,Bousquet,bertrandmonnier@example.com,Giraud-sur-Mer,France,2024-05-18,1970-08-26,+33 5 24 93 16 85,a3c818dd34d155cb88d9e99eb6d7b8cdf73af8819abf20ecbc2d52d30461fe27
CUST0042,Antoine,Cordier,corinne01@example.net,MenardBourg,France,2024-06-21,2007-02-17,0218566166,3f689ca10a1da12c7aad969a5e0c98faabfecd76b9cb32fb847a3a781f052c05
CUST0043,Julie,Camus,imonnier@example.com,Sainte Alphonsenec,France,2025-10-29,1966-10-19,0243703694,f547c52854c751b459f1340c17e7e7c1f79c1f99a627d7c108681767b3216cfa
CUST0044,Josette,Colin,dbouvet@example.org,PiresBourg,France,2025-12-17,1986-03-05,+33 (0)3 56 57 57 40,9a7b1b7c5129a8d487302eb9e3c1317df55ee9758fa9d75fc12d42cb042bde07
CUST0045,Raymond,Moreau,cjacob@example.org,Langlois,France,2024-07-22,1991-10-11,+33 3 20 36 35 62,724da09f7dbcc0c711f307ad854b1bf61cf02ed61a647251b152a63f96552b65
CUST0046,Pierre,Dumas,marcelleroyer@example.net,Vallet,France,2024-04-17,2002-11-26,+33 3 88 38 42 21,12c017138df758c1ce20c836d831a6f3d492cec20386bd548e74d368b81c90f3
CUST0047,Stéphane,Godard,patriciaauger@example.org,Caron,France,2025-01-23,1989-05-19,0557079556,b7336b10a7c8e4aa6044b4374e6a187294a0914f9dcda189ac8d9621861a6557
CUST0048,Élodie,Schmitt,gregoire91@example.org,Dubois-sur-Mer,France,2024-09-03,1967-10-01,+33 (0)2 29 22 08 76,c59dc1faca7e8ac45b90b2c6914ac464e3430ea443ab95a65d2a9e4df3291182
CUST0049,Adélaïde,Hamon,da-silvagregoire@example.org,Lemaire,France,2023-09-01,1968-06-25,0344591857,9373911d4c3c83a936ab93f24b8cc369c2ca249659a5673255313d71b2d61f93
CUST0050,Jules,Lagarde,alexandrie89@example.com,Seguin-sur-Grondin,France,2023-10-22,1968-02-12,03 28 60 86 18,fe6e305ff89a56f26d52c78b73b44e12d73ddacf781dbe92425f40da3f19329a
CUST0051,Stéphane,De Sousa,philippe90@example.net,Guyotnec,France,2023-04-27,1991-06-07,0339116228,8891c0fac5b62e4bb0abf30081b2594dffb1e8bf8e7a333dbf34e8cb5cb1e888
CUST0052,Sébastien,Delahaye,margaud18@example.net,Nguyen,France,2024-04-17,1973-02-09,0531186076,97fa5906a638d59fb4ee9bf6a12008b7f5430015a7b7145514a72a42666caccc
CUST0053,Lucie,Didier,pmenard@example.net,LeroyBourg,France,2024-08-30,2007-09-23,0458769650,03f5b3a30d0debdd7f9475dabb2aecfa60c415d1161e10a7a9b5e2db3cda0af0
CUST0054,Thierry,Laroche,khebert@example.net,Martel,France,2025-06-23,1983-02-19,02 46 93 17 55,f668a282ad3e833ec0eb3511e181abd6aedebde94bf1297b86b5230e53607868
CUST0055,Dorothée,Dumas,devauxgilles@example.com,Rogernec,France,2024-04-21,1966-04-27,+33 2 58 30 11 60,73f53ac15ee19e08ce0b3d6a50faaa8a82ba0f95582f6b30a4e02767ba675ead
CUST0056,Julien,Wagner,weisseleonore@example.com,Sainte Madeleine,France,2025-05-12,1989-03-13,0444657997,b8c52b6d4019885b2e355fff1b45dc9e8e24e2e6966c6d459222fe9c3c233b90
CUST0057,Isabelle,Renard,alphonsejourdan@example.com,Cousin,France,2023-12-30,1987-07-17,+33 (0)3 86 26 36 21,2a188e5c5d1b87f7ab75f1b672cd98680260b2806fdfcfb5af8a01bc76f42023
CUST0058,Édith,Camus,legendreedouard@example.com,Gauthier,France,2024-07-20,1982-04-09,+33 (0)1 73 16 42 81,8b1db413735322daa48cdd43a08357fe2a7b61b2bc503189085bebd2162229b8
CUST0059,Laetitia,Roche,eleonore03@example.net,Sainte Valentine,France,2024-10-14,1983-08-25,+33 6 03 10 28 00,92e933245c81244e83b76c17d38f32e9f5ec5207eaffd729c0755b6a6d498431
CUST0060,Alexandrie,Besnard,augustin01@example.org,Barthelemy,France,2024-02-27,2003-03-06,+33 3 72 78 37 30,901a895dfbdc8829ff025da80956ae2b2de39b7a4eda5e7a74ae238550f04bf9
CUST0061,Aimée,Guibert,lebretonlaure@example.com,Pascal-sur-Breton,France,2023-05-28,1977-04-14,04 49 79 20 70,4fb359c1f9a63800ea00ab117110b8fc9db245949a2c3c4f6f6a97d9f2eb1c92
CUST0062,Léon,Brunet,stephanecarlier@example.net,Vidalboeuf,France,2023-07-10,1980-03-02,02 35 89 55 53,082881c5bb84550e3f0fe9cb8ff855a0d700102f9b88869cda9bd6d120a371e5
CUST0063,Daniel,Bonnin,lorraine67@example.org,Dos Santos-sur-Lévy,France,2026-03-09,2000-12-05,0145701452,684e87f60efa3c1c697f9d74b47ad7576167c8839cdb3b0f1c4fa77e0a08dc7f
CUST0064,David,Pineau,gerardrolland@example.org,Foucherboeuf,France,2023-09-02,2008-03-16,+33 (0)1 83 51 82 12,6627d3bad7cf76523f0096e5439ce09189b337d9cab163c67fbc99ee011fd83f
CUST0065,Édouard,Legros,davidguillou@example.com,Dupontnec,France,2025-10-09,1979-04-18,0748613140,013dab629b81ba048b9fc0a628495be677f108ee873153020fe928315b7d0c96
CUST0066,Franck,Benoit,jcoulon@example.net,Letellierboeuf,France,2024-05-08,1976-01-01,+33 (0)4 90 99 45 37,5fa6e1e85aa5dfaff55df5ecc64b09852c8049af5905ecb2d50ccefebc146c00
CUST0067,Olivie,Laurent,reyjulie@example.com,Saint William,France,2025-03-17,1969-05-29,0632297649,6af1f501d5b7a9cc2daa2fe206d9836499e1add6908fc22053792f3c3ddba5fd
CUST0068,Gilbert,Chauvin,odettelecoq@example.com,Vallet-la-Forêt,France,2025-03-18,1968-12-10,03 22 84 15 10,7ba8b9445733a691d6187a42e003bf96018ab1fd99825ea69f4b916a4b5aa468
CUST0069,Marthe,Tanguy,diasdominique@example.org,Saint Frédérique,France,2025-01-13,2000-04-25,+33 (0)4 94 81 30 57,2d25aba2ce0d5dcc60ebc3883b08869a704bec56fb923064ba978b6ad546e40d
CUST0070,Julie,Perrot,foucheralix@example.com,Sainte Marguerite,France,2025-08-21,1979-09-30,02 22 70 69 52,7133b4607fdbaea974af1c7e461f3eebc49335df3cc5f17bb1818739f89e9cd3
CUST0071,Bernadette,Schneider,obigot@example.com,Sainte Thibautnec,France,2024-11-21,1973-11-22,+33 (0)2 36 03 88 86,10f40500241e0bffec6db0c59846f38ca1ddd91b13d8fbfefc1d7620c1761e3e
CUST0072,Noël,Chauvin,ballard@example.org,Ponsdan,France,2025-09-09,1994-08-18,0366389438,4e1ca7c298891228931d6f938a62d936f9660c0aa69408ff2ab6c3b8fb497b34
CUST0073,Pauline,Gaudin,launaythibault@example.org,Sainte Monique,France,2025-05-12,1984-09-17,+33 (0)4 26 88 64 76,f514318722f8f341e795cdee382cb109f5c452c412fbfa6ac457116466c71f71
CUST0074,Renée,Jourdan,bernieralexandria@example.net,Munoz,France,2024-06-12,1998-11-16,0531275525,f3cad7199fde6771bfc521a0b23ebacfa10656f899391cce68de5eef66d01935
CUST0075,Margaud,Allain,qgregoire@example.net,Saint Geneviève-sur-Mer,France,2023-06-07,1994-03-14,05 18 87 71 23,15f636d8d8c1a8c99a398effa011891bb894ab217f8ddebe3ae36c2b88441c59
CUST0076,Pauline,Paul,marcelle85@example.org,Carpentier,France,2025-06-09,2001-09-14,03 22 45 49 53,f0420751488e581151344160a7045073b30767fadd70596734a5427e36dda3e9
CUST0077,Guillaume,Deschamps,marc81@example.org,Saint Agnès,France,2025-11-28,1988-11-06,02 58 73 14 16,2207964c6dfe059c1f9c188c1628fef997e891274db388ff8aeeb6690d026187
CUST0078,Alphonse,Hubert,dupremargaux@example.com,Faure,France,2024-07-07,1972-12-02,,1b2ff452c4578561d74f08a5aa43aabe98f8bf3e42c9efca909493202314f9c6
CUST0079,Augustin,Bonnet,adrienbertin@example.org,Saint Madeleine-les-Bains,France,2023-04-01,1985-04-30,+33 (0)6 15 44 71 82,34d06ea95f04355c3f4bc36970f64aa77a9410b219f8f5c64a87f376551c6f0e
CUST0080,Denise,Thomas,lpruvost@example.com,Hervé,France,2024-03-03,1969-01-26,+33 (0)1 75 78 25 36,8b5d6f327f708e8e35967f5ac5a3b13e45bbb0479995961a22d614b96415cfc1
CUST0081,Michelle,Humbert,lsimon@example.org,Mercier,France,2026-02-27,1989-07-17,+33 (0)4 86 88 28 72,916538ef0a1016a08142879e6792d835caefa78cda207519dcaddc452151ef33
CUST0082,Stéphanie,Leroy,genevievemeyer@example.org,Baillynec,France,2025-05-10,1983-09-15,+33 (0)1 56 34 24 42,fecf5640853f590a02b2ecedf28f8e9a4ab49fa957596c22c5464a42049334fa
CUST0083,Franck,Coste,ngregoire@example.org,Lemaître,France,2025-09-30,2000-09-25,+33 2 41 21 81 15,7dd1cde0620e0b339ab6e6b5590a3567638d2ed9b6721e8d62f983313263f10f
CUST0084,Bernadette,Letellier,jcousin@example.com,Noël,France,2024-02-15,1994-05-16,07 90 39 62 70,2975bfc2e29f8ee19ba7cd1f596da8fae62cf4310b8a4029c6c7a75552b84e1d
CUST0085,Grégoire,Dumont,thibault61@example.net,Humbert-sur-Lemoine,France,2023-10-19,1994-05-12,0175390758,c9e054fa08df6d54c43fc57b85bd168dad75313dde3497d00fa3d99af76a158e
CUST0086,Danielle,Traore,valentine83@example.com,Hoareau,France,2025-09-27,2004-12-18,+33 5 94 21 95 00,a68759d896a2c5ba601b81b8706f728353a346be51920a836a8da1f35f79305c
CUST0087,Christophe,Brun,legerzacharie@example.org,Pasquier,France,2025-02-28,1999-06-26,01 60 29 25 66,bddb2059fcc8f0e11b01850ade14e8d5b179ae17dd0a7be65a5ce0af5ad3cb9e
CUST0088,Susanne,Lefebvre,suzannejacob@example.org,Sainte Olivier,France,2025-12-12,1998-09-09,0269757629,327da520c78de2e5880369bea67df4e8852e9e745e04559f06391054a1b0e4fb
CUST0089,Jacqueline,Blanchet,efernandes@example.com,Saint Astrid,France,2024-01-11,1975-08-14,+33 1 46 44 34 75,0530745328479b446454b94aa583a92cf93483386c9c26d0bafb3c0a3a745daf
CUST0090,Gabrielle,Millet,reyaime@example.com,Morel-sur-Caron,France,2025-01-28,1989-05-16,04 23 47 44 68,15deeffc2d2a5141a05eec868bed78559dbed99960f04277cb89c3a1cd75f8a2
CUST0091,Laurent,Rey,hchauvet@example.net,Camus-sur-Boulanger,France,2025-01-10,1979-11-23,02 37 19 49 55,77078ce6cafb91f42f00f197a216d199afdf344beed6f68ab7f2ba7bdd85335f
CUST0092,Bernard,Grenier,delaunaysophie@example.com,Sainte Patrick,France,2025-05-29,1966-06-22,04 81 03 37 12,9bc70b05eb1f5bb25063d3363611c529477544186bf19ce29a0b80e915be5df9
CUST0093,Eugène,Louis,ljoubert@example.com,Sainte Pénélopeboeuf,France,2025-12-09,1978-02-12,03 10 42 08 30,21849e3a3e75fba4e75ee6ae4b5108b7d122930cf2203924afa3098d0c76750e
CUST0094,Vincent,Menard,ygilbert@example.org,Saint Margot-la-Forêt,France,2023-07-13,2003-12-09,04 73 79 94 00,1cabb91f66257de973ba50737dc40f2dbd62b812af050299f2f13c5de178734b
CUST0095,Véronique,Laroche,hardyzacharie@example.org,Laine,France,2023-07-19,1967-11-13,+33 5 18 54 15 13,d84274e631072842e258f57611f0be9a37b8537b14276be64a01e2eddfb4b01e
CUST0096,Manon,Imbert,ptessier@example.org,BeckerVille,France,2024-07-13,1985-05-21,+33 (0)4 78 12 06 58,20ccc587f3d64eaecdd00defd2f32a368f101b5a15682cdc5683e25023cce49c
CUST0097,Philippe,Renault,cordierjuliette@example.org,Da Silva,France,2025-01-26,1982-02-07,0389925879,e693f3e7506c359db2c0ac0330815a055352e370bd63d611abc8f766fdbe2c5b
CUST0098,Sébastien,Blanchard,celinaroyer@example.com,Saint Lorraine,France,2025-06-28,1996-09-15,+33 3 28 69 03 44,de580be30d0b4e5e1f11ebbeff68be7f50f1ab10d74c3573ede0dd2ef6a25806
CUST0099,Raymond,Lemonnier,vdubois@example.com,Chrétiendan,France,2024-08-06,2006-05-03,0172907312,502aed6dbf779e2ed81d98985908440d3428ceef33efaedaf81d4b7f4add82a5
CUST0100,Éric,Lesage,margotle-gall@example.net,SimonVille,France,2024-07-23,1984-09-10,+33 (0)4 63 51 89 59,7a7c1fa44eb281f3c153afc3bdcbae1806a7fe7a6f6e222445b715469e0a9da4
CUST0101,Bertrand,Paris,christianede-sousa@example.com,Bouvet,France,2025-01-24,1977-03-03,+33 6 38 57 39 16,ac08793ad04f3cc18a7b95aad86747e82f5dfc442c6d6c541de6a27e079c6381
CUST0102,Christelle,Étienne,jchevalier@example.net,Sainte OlivieVille,France,2025-12-22,1974-09-11,+33 (0)4 68 38 94 89,d134f5a76791732cb6723d79045b67b142d51d646cc08974c6d86947cd11843c
CUST0103,Vincent,Blot,rlaporte@example.net,Besnard,France,2023-12-28,1993-09-18,+33 (0)2 50 19 81 77,29f91114ef78946ee181b45ad3c21eb6b9b4ea41e841713c5f8bdc94cccc29c9
CUST0104,Luc,Benoit,stephanieguerin@example.com,Coste,France,2023-11-16,1980-09-18,+33 1 79 93 85 26,01da11c26a5d8784bc6d2e9408778f303a91c509fe55faa09a03d675df165b5e
CUST0105,Luce,Launay,paulroger@example.com,Langlois,France,2025-03-19,2002-09-13,04 70 63 58 10,6a314a1dea8e21a6bc34c1dc6133ca04e50dea97390ca759011ef82b2e358791
CUST0106,Nicole,Garnier,bernardclemence@example.org,Saint Marianne-les-Bains,France,2025-09-06,1969-03-17,0164911762,fcf4ebd2038ec98a4852e9c3b61ad50cff3d86661e3890daf44bdf58bcc2a6e1
CUST0107,Victor,Pasquier,michellegauthier@example.org,Saint Anne,France,2024-03-22,2004-06-28,+33 (0)1 58 24 40 28,ce08662e1278947d8a06ff33a6b1068bd6454107087dd7c84450554068b5ed17
CUST0108,Émilie,Allain,jpoirier@example.net,Sainte Audrey,France,2026-01-01,1989-07-05,+33 3 87 81 71 36,1bc6231e47d68744859af239aed1ab495cfce48d9404475d40672a1f94429016
CUST0109,Charles,Blot,pineauhonore@example.org,Mary,France,2026-01-14,1969-05-14,+33 (0)6 13 03 10 32,698f32110877b5f74946ed8cf23d3ca81b4ca7673f50eaf60cfcf1e3d3d83e5f
CUST0110,Alice,Grégoire,frederiquemahe@example.org,Richard,France,2024-07-19,1995-09-09,02 96 17 91 30,fca505eb854eadff759ad339d814009c049b62f246f38dd7075727633766e5a7
CUST0111,Adélaïde,Bailly,olivierlacombe@example.org,Saint Nathalie,France,2024-09-17,1989-04-19,0355618710,48edbf34db8fbc2c7e0824acab3d744aab36036a57bbb5d76cb53e8b6d19978e
CUST0112,Bernadette,Humbert,cecile27@example.com,Grégoire,France,2025-08-19,1997-08-04,+33 6 99 96 88 38,285e557a89795dd677e1447f9e6fd46689dc8fb579ad34b8a87f2a5a227d40ad
CUST0113,Margaud,Ferrand,igomez@example.net,Saint Lucie-la-Forêt,France,2024-11-14,1992-01-03,+33 (0)6 34 26 60 15,29cb8c4310c24e5b776d1554c94e8cab76bfe130820005e423d2cdfe9ef1889b
CUST0114,Anouk,Vallet,legranddorothee@example.org,HoareauVille,France,2025-12-01,1983-01-25,+33 3 66 56 96 97,5e900f6cbe1ba93f7d37416476529fcb2b52822988bd4824a8b5dace4c582ce3
CUST0115,Charlotte,Thomas,michelleleger@example.com,Ferreira-les-Bains,France,2023-05-21,1971-06-16,03 60 29 86 20,f4e6030e81b9586cc32a57851968d7931714b703e7e24d51569335c39d19c2a7
CUST0116,Jeannine,Foucher,dorotheeguillet@example.org,Baron-sur-Besnard,France,2026-01-12,2002-04-25,+33 (0)4 11 77 50 86,7cb2ec8e1b2414faf9c0e31b3ae6969c0c13038ac733edf57e2782c7bf13bf23
CUST0117,Stéphane,Lecoq,francoismathilde@example.org,Lambert,France,2024-01-06,2004-06-20,01 75 79 66 00,b9eb009b81fbfa81df26c249ba36147cd13f2b4cd7ee336a4e1dfcfd75b3e83e
CUST0118,Marthe,Bouchet,josephmarcel@example.com,CharrierBourg,France,2023-04-18,1994-08-06,+33 7 98 63 12 93,b1424cbef952eb460cbcddcb1ed8a0a19786198e65d762f599d2ebc0529ed28c
CUST0119,Laurent,David,rolandbouchet@example.org,Leclerc,France,2024-12-07,1990-05-14,03 67 62 79 15,1d516fbba7ba11df47a95853936313776f32a85900d02245fae500d6706dca58
CUST0120,Jérôme,Antoine,jerome68@example.org,Saint Zoé,France,2024-05-19,1968-04-22,05 79 61 06 60,10ae5af9100c4aebf9a19a804e3a8a5c48c08669a386a44c1f772f642fb6cc23
CUST0121,Julie,Barbe,bessonmartin@example.org,Duhamel,France,2023-08-15,2007-01-25,+33 (0)6 62 50 30 03,9797478d1fa2609ae0d0f6885e903ecbf3e081ab7f318ef22a3b7c8db683e5d5
CUST0122,Adrien,Guyot,blanccatherine@example.net,Legendredan,France,2024-05-18,1978-05-04,04 32 47 07 85,4844744996d415759270469eb4ef9edceb044ca1ba9e7bbe9b3c8c980f2e1e8a
CUST0123,Alexandria,Gaillard,nmenard@example.net,Diallo,France,2024-04-19,1970-09-06,+33 1 49 24 30 56,c7fcf7afe0d8a11f8a49f2a0f9aff166275a8c555c4b2347c9ef767d5944d307
CUST0124,Franck,Langlois,adelaidemercier@example.com,Lopes,France,2024-06-12,1998-01-19,+33 (0)5 49 08 60 24,72441a6d517fd15c903f94638bde1a1c3128e35439224416c0e1fa630e4c21c3
CUST0125,Jean,Daniel,anouk55@example.com,Laine-les-Bains,France,2025-06-05,1999-07-23,0145467493,069e0c7728403cb649f7b3049207b3fdd465da654fde2683e65098ed700aa455
CUST0126,Susanne,Hebert,delannoyvalentine@example.org,Sainte Luce,France,2026-02-13,2001-05-19,02 46 01 19 72,7b7e8804d90717e067fda2cd16bf870309d8839c6d5fb23838753a62fa028cfd
CUST0127,Roger,Allain,alice70@example.net,Lacombe-sur-Chauvin,France,2026-03-14,1989-10-01,+33 2 58 99 60 49,7e57fb060358036426ef21e9ddbb9129f407104231236124f6ab12555ad12fa4
CUST0128,Alix,Jacquot,daniel53@example.com,Morvan-sur-Gaudin,France,2024-03-01,1969-06-18,+33 (0)5 08 17 85 42,2bf679c786562681f85c779e962afc55c11708508d595a72220b0423bd03b976
CUST0129,Agnès,Rémy,bretonagnes@example.net,Gauthier,France,2024-07-16,1999-04-03,+33 1 34 21 46 66,31430b18b6332220690e0afae66a448fb7c68ab3bf5ffccbe94e955dc2832f74
CUST0130,Joseph,Hardy,arnaudsimone@example.org,Guillou,France,2025-07-23,1975-08-31,+33 (0)3 22 49 89 35,8b4d0b05b42883ef08f0daba77b4543d43a9b7ee76a851e25609defb9a84b115
CUST0131,Luc,Evrard,tristanlaunay@example.net,Saint Élisabeth,France,2024-08-06,1989-12-22,0143424057,c777964e820ad9b506620ef1d92b5aac8a34f7e186d701a372f6210f334dedcb
CUST0132,Lucie,Fleury,victor93@example.net,Bernier-sur-Le Gall,France,2024-07-22,1977-02-12,+33 (0)3 25 45 27 11,587ae8ddd75920dd821f66a4c23800f3d01dab1f8c48447cd10ee3aedc09112a
CUST0133,Frédéric,Allain,vvallee@example.com,Paul,France,2025-12-05,1978-11-17,+33 3 79 57 13 76,5920e4433e400b67fa16fa45819a553ca145d087c9876bbca3d8b971f94be35a
CUST0134,Noël,Gilbert,charles59@example.org,Sainte Christellenec,France,2024-11-11,1990-04-15,06 37 65 55 85,849a681f46719e73c1f7b6b2a09c0ce66ffa238e2bbd28f642629b6e7b9fdc1a
CUST0135,Odette,Faivre,baroncelina@example.net,Weberboeuf,France,2023-12-31,1995-04-13,01 78 45 18 22,fa7a581cd444e5907a198f0c76c0850c409b6a9671fa3b98fe55d71075146a1b
CUST0136,Jules,Verdier,merlealfred@example.net,Saint Patricia,France,2025-09-11,1995-05-25,04 82 60 07 86,2c188ee4c796314826fc12721be6b9c2948badf83c3ee0da7be533c65c3c3d3a
CUST0137,Margaret,Humbert,pda-silva@example.net,Lebreton,France,2024-03-23,2005-12-29,+33 (0)2 32 58 67 46,eee95e4e56b9de08fb0e2d635cc3fe67f12b5579462d17cdc32e45ddc7af2d64
CUST0138,Philippine,Lesage,philipperodrigues@example.com,Saint Hélène,France,2024-12-19,2005-01-14,04 75 86 29 57,c7466c0b0851ea7a65cfcf0b81bae123fb457b50322994593fd7cfc091e25ee0
CUST0139,Isaac,Roy,pdenis@example.net,Pichon-la-Forêt,France,2025-07-11,1988-02-12,+33 (0)1 58 30 50 13,a5d9bdef0d7c21119fdefe20e3771e9cbc8d275c6f4351c6d17592b7374d8a73
CUST0140,Pauline,Lebreton,margueritemerle@example.com,Saint StéphanieBourg,France,2025-05-17,1988-09-10,+33 3 73 57 14 78,9c61ff17122eba57c98f077fb631ca13cb57ae86cb24c29e6ce3606024ac207a
CUST0141,Susanne,Rousseau,remy46@example.net,LegendreVille,France,2023-07-26,1996-06-08,+33 4 74 31 65 02,904486c2641443e71dae410b94fc83e3790fa55a1514e49ca61fb9797eb7779f
CUST0142,Roland,Didier,guillaume19@example.net,ArnaudVille,France,2024-08-16,1983-07-07,06 86 92 02 03,ffc6250087f8bb2ad30d878e56b2bfabb8354a6b040749529fa8b586526265f8
CUST0143,Gabriel,Paul,nvaillant@example.com,Moreno,France,2024-07-05,2002-01-12,+33 (0)3 89 49 47 83,ebd2d593cdcdc8c12ab47a9ce151b0c181bb9c9b66d2938a7c4ce4026a8ce14d
CUST0144,Émilie,Pinto,paulleroy@example.org,Sainte ClémenceBourg,France,2023-06-02,1977-01-03,04 91 87 68 14,fff172795b4de3850dc61ca110dc3876a0440a94035d9edc700ff5c18f450bfb
CUST0145,Agathe,Petitjean,nathalienicolas@example.com,Renard-sur-Andre,France,2023-12-10,1989-03-29,0244501554,cf2da985fc661e343950a2231fd5da1a6370110677608adec8522c1ea9baac6d
CUST0146,Marc,Philippe,pottierlucie@example.com,Besson-la-Forêt,France,2025-12-30,1978-04-23,+33 (0)1 82 16 33 67,f78340e596c44189efd2e608c934e5375e9242443cb9fd834503ac1eb92c16ab
CUST0147,Susanne,Riou,gomesguillaume@example.net,Royer-sur-Mahe,France,2023-06-03,2002-03-29,+33 (0)1 56 73 76 90,55fdb03cacc1c83e46c2166b9bbb03c544dcd89ee37c0e86ca1f0981e60e2a29
CUST0148,Margaux,Robin,odette63@example.org,Martins,France,2024-08-10,1976-03-25,02 97 20 33 71,d77d422c88a8e312baa2fb5659963c67e69237dbe6928bf9a8fe2f82b8200834
CUST0149,Thibault,Lenoir,pmoreau@example.com,Saint Virginie,France,2025-01-23,1991-01-18,+33 (0)1 45 89 58 99,40547dcd25410147ed34bd6bd2db4b551826b4df99104e1113140a3686148e53
CUST0150,Geneviève,Dumas,nathalie01@example.net,Robert,France,2025-11-27,1983-10-29,+33 6 35 07 42 41,8880bb35768470a326fbb789cf6e90a802e42639943686d174227506b57c6fc0
CUST0151,Claire,Leduc,guillaume60@example.org,Morvan-sur-Mer,France,2023-12-17,1969-01-15,0169917037,3280c4d1b5260caf51e71ebde6a2129f6727a548b1b4717935a0f20b0901a948
CUST0152,Richard,Henry,laineolivier@example.net,Huet,France,2023-12-07,1987-07-27,04 30 33 29 00,08534e409ffe2c3add0c8be3cb72f9841649b845070a21cccf8dcb598cd3b78c
CUST0153,Étienne,Fournier,paul69@example.org,Sainte Suzanne-la-Forêt,France,2023-04-14,1976-05-03,06 33 74 72 22,ca868a0bb80b812762978a3be111b85705713ae39c0584512f099fd574afcd60
CUST0154,Élodie,Vallet,richardroche@example.com,Briand,France,2024-04-20,1989-09-19,0299312735,b64af823ceb6e3086b69e722e47bc48978c383d397aa4a51537fc25f2c08d420
CUST0155,Odette,Chartier,matthieu98@example.org,Rodriguez,France,2026-03-01,1971-05-06,07 92 89 58 76,d910ed693ba90b7ecf3baf6357118cb0c40bd8b26505cb8b72dc85a414532674
CUST0156,Daniel,Lacroix,ulamy@example.com,LaurentVille,France,2024-11-02,1971-08-22,+33 2 30 81 97 23,1981fc1f85e648596e4366219ad7250c7974ea2f29277ab2025533293f91d9fb
CUST0157,Luc,Lacombe,renee79@example.org,Saint AlexandriaBourg,France,2023-09-23,1990-07-02,+33 6 61 69 41 41,f406ceec2102d1776fc15407413db72549278bdb29fd20fb5e09026a2ea7ea5b
CUST0158,Michel,Guérin,bretoneugene@example.org,MendèsBourg,France,2025-02-13,1983-01-21,+33 4 82 65 08 54,8c7c58669a222b5946eb17675c19b10b19401a2207824d73b60ac3c3f317da9d
CUST0159,Gilles,David,vincentdumas@example.com,Briand,France,2025-08-20,1975-02-27,+33 1 49 47 33 41,b01386eec7a7cad105da2384f46bd8e9cf969375a61af68adef31f53bbe99d82
CUST0160,Océane,Marques,sabinesalmon@example.net,Lacroix,France,2023-06-04,1979-06-26,0449916996,bbd95a22656d1faa1d150b081cf47346669fafe95d242b492433e156f7bfa6c5
CUST0161,Adrien,Bonnin,alice25@example.net,Martinez,France,2026-02-06,1966-07-03,0631578840,6904f5aa746131f1e35004aec9faa9ccffee2150e5765c144d613db9db94fe7a
CUST0162,Lorraine,Poirier,martinenormand@example.org,Faure,France,2025-12-20,1985-03-20,03 79 32 78 03,5177037910c4caacb921afb98ddd8665d447c57f81915d30646d7860b1e3a399
CUST0163,Hugues,Legrand,normandadele@example.net,NicolasVille,France,2025-04-10,1998-01-26,+33 5 65 93 94 78,ba36edd56fc1acb9c9c61efa8f2748ef6d8a3a20662a881cd8ccf86705c5ff50
CUST0164,Patricia,Leclerc,odidier@example.com,Hoarauboeuf,France,2024-11-24,1985-12-29,+33 (0)3 53 84 16 09,5a17475d8b4a4d823969a48e4dae08e836a88ed66d5d88b48aab8530549335da
CUST0165,Jeannine,Lejeune,lorraine51@example.org,Millet-sur-Briand,France,2025-03-15,1989-11-19,+33 2 44 85 22 37,7678af7ed49d864fa277e6a3becb6381fd6a9bc8bc4294c20a5f35c69b215a46
CUST0166,Simone,Paris,emmanuelmaillot@example.com,LopesBourg,France,2024-04-10,1978-01-26,+33 (0)5 94 69 40 98,51deab053ae1895478aa796a429e7051cee66f11d212aae61c6316c19e176479
CUST0167,Julie,Richard,milletmargaret@example.net,Regnier,France,2023-06-24,1969-02-06,+33 4 70 00 59 24,9d8698cbdbd0ae4dc2f4d7ce61521d140a501970acb447fb5adfa1707c93b9f3
CUST0168,Josette,De Oliveira,helene87@example.org,Alves-les-Bains,France,2023-10-25,1971-07-27,04 79 95 93 87,b029958f506c175f8620cf21b1f59c8660ee7996aa2bcf5a3d23cfef20de98f2
CUST0169,Lucy,Barre,gerardchristine@example.net,Guyot,France,2025-11-19,1978-08-22,02 50 76 41 86,dabe3e35c3f947f26e6b79759abdafc29962fd44752b8fa68070c7fa646ca01a
CUST0170,Suzanne,Brun,ptessier@example.org,Vallet,France,2023-06-07,1970-03-19,05 62 99 65 42,20ccc587f3d64eaecdd00defd2f32a368f101b5a15682cdc5683e25023cce49c
CUST0171,Denise,Bertin,elisebrunel@example.com,Guillou-les-Bains,France,2025-06-14,1971-08-07,02 62 43 47 70,01c1a98a3e7c68bfaa7802b0d7e8bf09c5540ac507067eee335804f9f58bde17
CUST0172,David,Nicolas,sylvie19@example.com,Buisson-sur-Mer,France,2025-04-12,1995-07-02,0800159320,3a665c67da74659ca1a70750b9f3b463f9a37a9fc51959ed8cbe7b58ba002190
CUST0173,Frédéric,Roux,rossiraymond@example.com,Sainte Pauline-les-Bains,France,2024-04-26,1994-08-01,+33 (0)3 76 09 71 89,b3b7e01d62cfb50e73da3d4b77cfa29a45a9f1378f71c0eaf483d3f412b17ddb
CUST0174,Zoé,David,wagnergabriel@example.net,Bonnet,France,2023-09-12,1972-10-25,+33 (0)4 34 77 70 40,cbb5c79bf9b36ef9bf959f8cb325517afb35af7b3945acf46ed4656682f64708
CUST0175,Victoire,Richard,christellebonneau@example.com,Goncalves-sur-Gallet,France,2025-12-05,2000-08-15,+33 (0)6 44 67 72 62,b3482e9f21f5dcbe0162433791f380faffcf3f67b0b829272f52d5cae2ec778d
CUST0176,Pauline,Boutin,ybreton@example.org,Lefebvrenec,France,2024-11-28,1991-11-19,01 46 67 48 83,3d9993501cf080f945ae29e1ea388b9ee3b6021f83b77c85257ca428195fcffb
CUST0177,Éléonore,Allain,claroche@example.com,Garcia-sur-Duval,France,2025-03-27,1989-06-20,0181802435,428cf60b6a982a4dc188069995a89d0f129962f8c25c68f68d13d1f0a672198e
CUST0178,Gilbert,Legros,alex87@example.com,Paul,France,2023-04-01,1975-08-03,0361394067,8dfdcc8872cc44b779ba0b786754928507ae58f4bba50249b96f9aa6dcd6a912
CUST0179,Joseph,Laurent,acoste@example.org,Lemonnier,France,2025-07-31,1986-04-16,+33 3 59 59 18 00,2411eac3db6c98ad3f8db73a24392ce4af942b3bb1afb0000888e7d7053e53ba
CUST0180,Guillaume,Jean,gilles95@example.org,Sainte Joseph,France,2025-01-24,1983-09-17,04 27 82 51 19,037b752a13fe0eec5e80d18edc6340b09eeb0714c6d0c6f1d32c844843d037ec
CUST0181,Arthur,Garcia,aimee51@example.com,Guérin,France,2025-04-05,1990-03-30,0375283327,0f00be48f70efd5bb2f0268d6a2268e12ca7a7e97fbda433f86823a139dfbc64
CUST0182,Lucas,Brun,veronique83@example.net,Andre,France,2023-12-02,1993-03-03,+33 (0)2 28 52 47 56,6fd021a17dea9154abd86d6585bb8eac7a9a2c23375f4fd86bf8c0256265652b
CUST0183,Hélène,Bazin,hoarauguy@example.net,Guillaume,France,2024-10-20,1970-07-03,04 50 10 50 50,e86ca7444b486e56637889d51f5a0dc90319f8fed2e769fb1ba83db12ed8c948
CUST0184,Françoise,Baron,penelopelombard@example.com,Saint Thierry-les-Bains,France,2023-05-14,1981-11-26,+33 3 27 34 57 70,44e3f309927605d35e4205ee9708ad17e76d669093c47fc9bc9da4d1ae4cdf3e
CUST0185,Marianne,Gaillard,jlegrand@example.org,Rollandnec,France,2025-08-19,1969-01-06,05 82 56 64 78,48fbb7ba5c14d1eb78fa54d318450424a175e05e762cf851e2c316d5531c8966
CUST0186,Gabriel,Pages,stephaniemarques@example.org,Sainte Christiane,France,2025-12-31,2003-04-10,0357745661,b8597d52b8a287f5efaf80ad20d8f8ddd5a37f485a7c9c528d11ba75cf84a356
CUST0187,Henri,Texier,umoulin@example.org,MassonBourg,France,2025-10-29,1981-03-17,0149227285,5c1fd5d649a2d3a8764f471493be3e9df07901d27f5484c6897484bdfff7b07f
CUST0188,Céline,Valette,laurentlesage@example.com,Lemoine,France,2024-04-28,1992-05-14,+33 5 36 34 80 56,debbaf88610f6f89709cc1981462a539484cbdb9424e04d899e89f02067aca3e
CUST0189,Juliette,Bailly,sauvagetheodore@example.org,Saint Olivier,France,2025-09-07,2004-04-13,0549127124,04fecd520a7d479d17e60cc75bedde3587c649460fecdda833db776a7c3a2fff
CUST0190,Vincent,Lamy,paul09@example.org,Charpentier,France,2024-12-21,1995-11-08,+33 5 87 66 87 54,5111c58917bc0d74178cb0140e339fb222eb2e2b8e4f836daea9d431a0800776
CUST0191,Étienne,Thierry,robert95@example.com,Sainte Victoire,France,2024-01-24,1970-01-19,05 24 13 12 33,27fc1a5f1eb070651737ff60c106ba70012a5affeeda1c16416bfcea1608e5cd
CUST0192,Antoine,Carlier,chartierfrancois@example.com,Blondelnec,France,2023-09-24,1970-09-26,0356102491,5242a7fc0961efab5e4c7513933d88ca12d140bb85ff737c03f4359f22881e1f
CUST0193,Nath,Paul,jbailly@example.org,Pierre-la-Forêt,France,2025-01-16,1982-10-28,0768968088,171f6e4e4f3b2e8400f94d187ac829474146d50ce8c54326dd8a3752f0d311dc
CUST0194,Jérôme,Hamon,xrolland@example.com,Roux,France,2025-02-28,1988-06-20,+33 (0)2 69 34 37 51,5a0643142a1bf6698da3650f51c4dcd55e90faa0346e6ddf248ae33e5e40884b
CUST0195,Gilbert,Bouvier,andre40@example.net,Arnaud,France,2026-01-22,1994-12-23,+33 (0)2 22 71 30 95,9478869fbf5916f460469c8c2c1717a4fd9bb186d4a76089387022b9073dfe88
CUST0196,Madeleine,Dupont,palbert@example.org,Hoarau-sur-Mer,France,2025-12-10,1968-10-01,0237052870,e4e3e969ee733ce4305cb6cac301e9a80c945034bc06a172786dc60f64212482
CUST0197,Noël,Bonnin,michellemarion@example.com,Rocher-sur-Mer,France,2025-01-02,2002-01-16,+33 (0)4 88 86 76 39,e258d3908d6084eaac441076a0ef68196d7a5eb0698879f8636ba5adff7416fe
CUST0198,Lucy,Benoit,delmasalexandria@example.net,Salmon-sur-Merle,France,2024-09-20,1971-05-15,+33 (0)3 61 01 06 81,49a5065a7692175987de9c2914ee4498f5bd2c6bef3f6e695aced5f92b610874
CUST0199,Émilie,Poulain,emilie02@example.org,Voisin,France,2025-06-11,1971-12-25,+33 (0)4 92 23 94 38,9ee437f1da2d14c07f630911b9b53fe3e96b6c5ef0c4a42741b96fe414f4dab4
CUST0200,Jérôme,Maillot,sylvie46@example.com,Marques,France,2024-03-27,1973-12-18,+33 2 47 30 57 35,ce35af8d854242463674b9586789e1463300cddfcfa7ea0986826cfe7cb2f8dd
